text,translation,strength,example_translated,example,audio,image
's avonds,in the evening,Strong,Do you want to meet up in the evening?,Wil je 's avonds afspreken?,https://cdn.busuu.com/media/resized/audio/a_l_str___1611135317.mp3,https://cdn.busuu.com/media/resized/entity/720/savonds_1609927613_720.jpg
's middags,in the afternoon,Strong,The party is in the afternoon.,Het feest is 's middags.,https://cdn.busuu.com/media/resized/audio/a_l_str___1611333027.mp3,https://cdn.busuu.com/media/resized/entity/720/smiddags_1609927484_720.jpg
Aangenaam!,Nice to meet you!,Strong,,,,https://cdn.busuu.com/media/resized/entity/720/shutterstock_51495215511650960957_1650960957_720.jpg
aangifte goederen,goods to declare,Weak,17 litres of beer must be declared at customs.,17 liter bier moet je bij de douane aangeven.,https://cdn.busuu.com/media/resized/audio/a_l_str___1615722204.mp3,https://cdn.busuu.com/media/resized/entity/720/aangiftegoederen_1613465411_720.jpg
aankomst,arrival,Weak,The arrival time of the train from Bruges is 13:10.,De aankomsttijd van de trein uit Brugge is 13.10 uur.,https://cdn.busuu.com/media/resized/audio/a_l_str___1613671704.mp3,https://cdn.busuu.com/media/resized/entity/720/aankomst_1612342152_720.jpg
aardappel,potato,Strong,Are potatoes vegetables or fruit?,Zijn aardappelen groenten of fruit?,https://cdn.busuu.com/media/resized/audio/a_l_str___1609326349.mp3,https://cdn.busuu.com/media/resized/entity/720/aardappel_1606823600_720.jpg
acht,eight,Strong,eight cookies,acht koekjes,https://cdn.busuu.com/media/resized/audio/a_l_str___1608564101.mp3,https://cdn.busuu.com/media/resized/entity/720/acht_koekjes_1605013530_720.jpg
afspreken,to meet up,Strong,Can you (plural) meet up tomorrow?,Kunnen jullie morgen afspreken?,https://cdn.busuu.com/media/resized/audio/florisbusuuaudiostr___1611214721.mp3,https://cdn.busuu.com/media/resized/entity/720/afspreken_1609405932_720.jpg
alleen,alone,Strong,Do you go to the cinema alone?,Ga jij alleen naar de bioscoop?,https://cdn.busuu.com/media/resized/audio/a_l_str___1612349040.mp3,https://cdn.busuu.com/media/resized/entity/720/shutterstock__1610307579_720.jpg
alsjeblieft,please,Strong,,,,https://cdn.busuu.com/media/resized/entity/720/alsjeblieft_1604293260_720.jpg
altijd,always,Strong,I always work at the weekend.,Ik werk altijd in het weekend.,https://cdn.busuu.com/media/resized/audio/a_l_str___1611136296.mp3,https://cdn.busuu.com/media/resized/entity/720/altijd_1610515850_720.jpg
annuleren,to cancel,Strong,You can cancel your reservation free of charge.,U kunt uw reservering zonder extra kosten annuleren.,https://cdn.busuu.com/media/resized/audio/a_l_str___1615662562.mp3,https://cdn.busuu.com/media/resized/entity/720/shutterstock__1613461160_720.jpg
appel,apple,Strong,How much do the apples cost?,Hoeveel kosten de appels?,https://cdn.busuu.com/media/resized/audio/a_l_str___1609331904.mp3,https://cdn.busuu.com/media/resized/entity/720/apple_1606982763_720.jpg
augustus,August,Strong,,,,https://cdn.busuu.com/media/resized/entity/720/vakantieaugustus_1608194347_720.jpg
banaan,"banana
",Strong,How much do the bananas cost?,Hoeveel kosten de bananen?,https://cdn.busuu.com/media/resized/audio/a_l_str___1609326651.mp3,https://cdn.busuu.com/media/resized/entity/720/banana_1606982580_720.jpg
beleg,sandwich filling,Medium,My favourite sandwich filling is cheese.,Mijn favoriete beleg is kaas.,https://cdn.busuu.com/media/resized/audio/a_l_str___1608807615.mp3,https://cdn.busuu.com/media/resized/entity/720/beleg_1606820463_720.jpg
Belgisch,Belgian,Strong,I am Belgian and she is Dutch.,Ik ben Belgisch en zij is Nederlands.,https://cdn.busuu.com/media/resized/audio/a_l_str___1608564361.mp3,https://cdn.busuu.com/media/resized/entity/720/belgisch_1605175849_720.jpg
België,Belgium,Strong,He's from Belgium.,Hij komt uit België.,https://cdn.busuu.com/media/resized/audio/florisenglishcourseaudioa_l_str____1611247448.mp3,https://cdn.busuu.com/media/resized/entity/720/belgie_1605172551_720.jpg
Ben je jarig?,Is it your birthday?,Strong,,,,https://cdn.busuu.com/media/resized/entity/720/benjejarig_1608641549_720.jpg
bestellen,to order,Strong,Can I order?,Kan ik bestellen?,https://cdn.busuu.com/media/resized/audio/a_l_str___1608807431.mp3,https://cdn.busuu.com/media/resized/entity/720/bestellen_1606722140_720.jpg
betalen,to pay,Weak,The boy doesn't pay for his bus ticket.,De jongen betaalt niet voor zijn buskaartje.,https://cdn.busuu.com/media/resized/audio/a_l_str___1613555523.mp3,https://cdn.busuu.com/media/resized/entity/720/shutterstock__1612401119_720.jpg
bier,beer,Strong,"A beer for me, please.","Voor mij een biertje, alsjeblieft.",https://cdn.busuu.com/media/resized/audio/a_l_str___1609399472.mp3,https://cdn.busuu.com/media/resized/entity/720/bier_1606722630_720.jpg
blauw,blue,Strong,I want to buy a blue bag.,Ik wil een blauwe tas kopen.,https://cdn.busuu.com/media/resized/audio/a1_l47_str_c2d8a9b7cbbd4273aa3463445e5dfa871646050856_1646050856.mp3,https://cdn.busuu.com/media/resized/entity/720/shutterstock_6301522131_1643897310_720.jpg
blijven,to stay,Weak,He's staying home this evening and reading a book.,Hij blijft vanavond thuis en hij leest een boek. ,https://cdn.busuu.com/media/resized/audio/a_l_str___1613668057.mp3,https://cdn.busuu.com/media/resized/entity/720/shutterstock__1611154581_720.jpg
boodschappen,groceries,Strong,,,,https://cdn.busuu.com/media/resized/entity/720/groceries_1606985356_720.jpg
boodschappen doen,to do grocery shopping,Strong,He does his grocery shopping at the supermarket.,Hij doet boodschappen in de supermarkt.,https://cdn.busuu.com/media/resized/audio/a_l_str___1609326701.mp3,https://cdn.busuu.com/media/resized/entity/720/boodschappendoen_1606984240_720.jpg
boterham,a slice of bread,Strong,He eats a slice of bread with cheese.,Hij eet een boterham met kaas.,https://cdn.busuu.com/media/resized/audio/a_l_str___1609400569.mp3,https://cdn.busuu.com/media/resized/entity/720/boterham_1606820167_720.jpg
brood,bread,Strong,"Can I have some bread, please?","Mag ik wat brood, alstublieft?",https://cdn.busuu.com/media/resized/audio/a_l_str___1609400542.mp3,https://cdn.busuu.com/media/resized/entity/720/brood_1606819460_720.jpg
broodje,sandwich,Strong,"Can I have a cheese sandwich and coffee, please?","Mag ik een broodje kaas en koffie, alsjeblieft?",https://cdn.busuu.com/media/resized/audio/a_l_str___1608807501.mp3,https://cdn.busuu.com/media/resized/entity/720/broodje_1606800489_720.jpg
bruin,brown,Strong,I have a brown bag.,Ik heb een bruine tas.,https://cdn.busuu.com/media/resized/audio/a1_l47_str_fbd26cbab98445ca92228949b0eedded1646051260_1646051260.mp3,https://cdn.busuu.com/media/resized/entity/720/shutterstock_1226933791_1643898101_720.jpg
China,China,Strong,"You are from China, you are Chinese.","Jullie komen uit China, jullie zijn Chinees.",https://cdn.busuu.com/media/resized/audio/a_l_str___1608717752.mp3,https://cdn.busuu.com/media/resized/entity/720/china_1605693844_720.jpg
contant betalen,to pay in cash,Weak,I would like to pay in cash. Is that possible?,Ik wil graag contant betalen. Kan dat?,https://cdn.busuu.com/media/resized/audio/a_l_str___1613555539.mp3,https://cdn.busuu.com/media/resized/entity/720/shutterstock__1612123039_720.jpg
dankjewel,thank you,Strong,,,,https://cdn.busuu.com/media/resized/entity/720/dankjewel_1604294247_720.jpg
de apotheek,the pharmacy,Strong,I order medication in the pharmacy.,Ik bestel medicijnen in de apotheek.,https://cdn.busuu.com/media/resized/audio/a_l_str___1609404821.mp3,https://cdn.busuu.com/media/resized/entity/720/apotheek_1607407757_720.jpg
de atletiek,athletics,Weak,I like sports and I do athletics.,Ik sport graag. Ik doe aan atletiek.,https://cdn.busuu.com/media/resized/audio/a1_l75_str_5dbf0cf16b80469aab590f80a935e18e1652272064_1652272064.mp3,https://cdn.busuu.com/media/resized/entity/720/shutterstock_3624365301650438075_1650438075_720.jpg
de auto,the car,Weak,"Do you always go to work by car? — No, I usually take the bus.","Ga je altijd met de auto naar het werk? — Nee, ik neem meestal de bus.",https://cdn.busuu.com/media/resized/audio/a_l_str___1613669463.mp3,https://cdn.busuu.com/media/resized/entity/720/shutterstock__1611850009_720.jpg
de automaat,the ticket machine / the vending machine,Weak,I always buy my train tickets from a machine.,Ik koop mijn treinkaartjes altijd bij een automaat.,https://cdn.busuu.com/media/resized/audio/a_l_str___1613671626.mp3,https://cdn.busuu.com/media/resized/entity/720/deautomaat_1612340830_720.jpg
de avond,the evening,Strong,,,,https://cdn.busuu.com/media/resized/entity/720/avond_1609925767_720.jpg
de bagage,the luggage,Weak,My luggage weighs 22 kg.,Mijn bagage weegt 22 kilo.,https://cdn.busuu.com/media/resized/audio/a_l_str___1615661724.mp3,https://cdn.busuu.com/media/resized/entity/720/debagage_1613464923_720.jpg
de bakfiets,the cargo bike,Weak,Our family often takes the cargo bike.,Onze familie neemt vaak de bakfiets.,https://cdn.busuu.com/media/resized/audio/a_l_str___1613669784.mp3,https://cdn.busuu.com/media/resized/entity/720/shutterstock__1611852541_720.jpg
de bioscoop,the cinema,Medium,My boyfriend and I go to the cinema every Sunday.,Mijn vriend en ik gaan elke zondag naar de bioscoop.,https://cdn.busuu.com/media/resized/audio/a_l_str___1612424314.mp3,https://cdn.busuu.com/media/resized/entity/720/shutterstock__1610306922_720.jpg
de bril,the glasses,Strong,Her glasses are on the table.,Haar bril ligt op de tafel.,https://cdn.busuu.com/media/resized/audio/a1_l45_str_076e205bc03847fabaac12ccf51939b11646047122_1646047122.mp3,https://cdn.busuu.com/media/resized/entity/720/shutterstock_1536338495_1643813631_720.jpg
de broer,the brother,Strong,This is my brother Joris. He's living in Spain.,Dit is mijn broer Joris. Hij woont in Spanje.,https://cdn.busuu.com/media/resized/audio/a1_l42_str_74697e6c8f36440dae6566229ae6a52e1654766478_1654766478.mp3,https://cdn.busuu.com/media/resized/entity/720/shutterstock_18027604181651734449_1651734449_720.jpg
de bromfiets,the moped,Weak,My daughter would like to have a moped for her birthday. ,Mijn dochter wil graag een bromfiets voor haar verjaardag. ,https://cdn.busuu.com/media/resized/audio/a_l_str___1613669739.mp3,https://cdn.busuu.com/media/resized/entity/720/shutterstock__1611851964_720.jpg
de bus,the bus,Weak,The children take the bus every day.,De kinderen nemen elke dag de bus. ,https://cdn.busuu.com/media/resized/audio/a_l_str___1613669405.mp3,https://cdn.busuu.com/media/resized/entity/720/shutterstock__1611848455_720.jpg
de dag,the day,Strong,What day is it today?,Welke dag is het vandaag?,https://cdn.busuu.com/media/resized/audio/a_l_str___1610729348.mp3,https://cdn.busuu.com/media/resized/entity/720/dedag_1608269949_720.jpg
de dochter,the daughter,Strong,My daughter's name is Floor.,Mijn dochter heet Floor.,https://cdn.busuu.com/media/resized/audio/str___1610630685.mp3,https://cdn.busuu.com/media/resized/entity/720/pexelsanastasiashuraeva894358511651670001_1651670001_720.jpg
de douane,customs,Weak,Customs are checking the passports of all passengers.,De douane bekijkt de paspoorten van alle reizigers.,https://cdn.busuu.com/media/resized/audio/florisflemishbusuuaudioa_l_str___1615907822.mp3,https://cdn.busuu.com/media/resized/entity/720/dedouane_1613464644_720.jpg
de eenpersoonskamer,the single room,Weak,I'd like to book a single room.,Ik wil graag een eenpersoonskamer boeken.,https://cdn.busuu.com/media/resized/audio/a_l_str___1615662419.mp3,https://cdn.busuu.com/media/resized/entity/720/shutterstock__1613459981_720.jpg
de fiets,the bike,Strong,We're going to the cinema by bike.,We gaan met de fiets naar de bioscoop.,https://cdn.busuu.com/media/resized/audio/a_l_str___1613669626.mp3,https://cdn.busuu.com/media/resized/entity/720/shutterstock__1611850352_720.jpg
de film,the film,Strong,We're watching a new film at the cinema.,We kijken een nieuwe film in de bioscoop.,https://cdn.busuu.com/media/resized/audio/a_l_str___1612424549.mp3,https://cdn.busuu.com/media/resized/entity/720/shutterstock__1610306945_720.jpg
de gate,the gate,Weak,The plane to Rome departs from gate 15.,Het vliegtuig naar Rome vertrekt van gate 15.,https://cdn.busuu.com/media/resized/audio/a_l_str___1615661665.mp3,https://cdn.busuu.com/media/resized/entity/720/degate_1613464448_720.jpg
de gracht ,the city canal,Weak,The city canals in Amsterdam are world famous.,De Amsterdamse grachten zijn wereldberoemd.,https://cdn.busuu.com/media/resized/audio/a_l_str___1615823996.mp3,https://cdn.busuu.com/media/resized/entity/720/shutterstock_1054406061661241907_1661241907_720.jpg
de hagelslag,the chocolate sprinkles,Strong,Floris sometimes eats a sandwich with chocolate sprinkles for breakfast.,Floris eet soms een boterham met hagelslag als ontbijt.,https://cdn.busuu.com/media/resized/audio/a1_l59_str_8313e6685adc4eaf8f873ec02ab388e71646997928_1646997928.mp3,https://cdn.busuu.com/media/resized/entity/720/shutterstock_102844297311645444298_1645444298_720.jpg
de halte,the stop,Weak,The bus stop is near the tram stop.,De bushalte is dichtbij de tramhalte.,https://cdn.busuu.com/media/resized/audio/a_l_str___1613671570.mp3,https://cdn.busuu.com/media/resized/entity/720/dehalte_1612339806_720.jpg
de handbagage,the hand luggage,Weak,I'm bringing my laptop in my hand luggage.,Ik neem mijn laptop mee als handbagage.,https://cdn.busuu.com/media/resized/audio/florisflemishbusuuaudioa_l_str___1615907840.mp3,https://cdn.busuu.com/media/resized/entity/720/dehandbagage_1613465152_720.jpg
de herfst,the autumn,Weak,"In the autumn, the trees are beautiful! They have many colours.",In de herfst zijn de bomen prachtig! Ze hebben veel kleuren.,https://cdn.busuu.com/media/resized/audio/a_ll_str___1616054930.mp3,https://cdn.busuu.com/media/resized/entity/720/shutterstock__1614283496_720.jpg
de hond,the dog,Strong,My grandma has a dog.,Mijn oma heeft een hond.,https://cdn.busuu.com/media/resized/audio/a1_l48_str_f28769a43b6047878b16ad46ce6e60321655110691_1655110691.mp3,https://cdn.busuu.com/media/resized/entity/720/pexelshelenalopes225327511653400519_1653400519_720.jpg
de kamer,the room,Weak,There are 25 rooms in the hotel.,Er zijn 25 kamers in het hotel. ,https://cdn.busuu.com/media/resized/audio/a_l_str___1615824409.mp3,https://cdn.busuu.com/media/resized/entity/720/shutterstock__1613459817_720.jpg
de kat,the cat,Strong,My grandad has three cats.,Mijn opa heeft drie katten.,https://cdn.busuu.com/media/resized/audio/str___1610630824.mp3,https://cdn.busuu.com/media/resized/entity/720/shutterstock_10347203261653405279_1653405279_720.jpg
de lente,the spring,Weak,"In the spring, the days get longer.",In de lente worden de dagen steeds langer.,https://cdn.busuu.com/media/resized/audio/florisflemishbusuuaudioa_ll_str___1615925970.mp3,https://cdn.busuu.com/media/resized/entity/720/lenteiii_1614345707_720.jpg
de lunch,the lunch,Strong,Lunch is usually the second meal of the day.,De lunch is meestal de tweede maaltijd van de dag.,https://cdn.busuu.com/media/resized/audio/a1_l59_str_ddc657f98ebd421aa4be7f3f9fb52d231646997854_1646997854.mp3,https://cdn.busuu.com/media/resized/entity/720/shutterstock_6055806651645440895_1645440895_720.jpg
de maaltijd,the meal ,Strong,We usually eat a warm meal in the evening.,We eten 's avonds meestal een warme maaltijd.,https://cdn.busuu.com/media/resized/audio/a1_l59_str_361e63256183466f9c9037160b2e706e1646990949_1646990949.mp3,https://cdn.busuu.com/media/resized/entity/720/pexelscottonbro695406311645440096_1645440096_720.jpg
de maand,the month,Strong,July is the seventh month of the year.,Juli is de zevende maand van het jaar. ,https://cdn.busuu.com/media/resized/audio/a_l_str___1610734928.mp3,https://cdn.busuu.com/media/resized/entity/720/maad_1608049220_720.jpg
de metro,the metro,Weak,We can take the metro to the city centre.,We kunnen de metro tot in het centrum nemen.,https://cdn.busuu.com/media/resized/audio/florisbusuuaudioa_l_str___1613589821.mp3,https://cdn.busuu.com/media/resized/entity/720/shutterstock__1611850234_720.jpg
de middag,the afternoon,Strong,,,,https://cdn.busuu.com/media/resized/entity/720/middag_1609925661_720.jpg
de moeder,the mother,Strong,My mother's name is Miriam.,Mijn moeder heet Miriam.,https://cdn.busuu.com/media/resized/audio/a1_l41_str_663042d5a3e5489889026b0db6bfb8611654705308_1654705308.mp3,https://cdn.busuu.com/media/resized/entity/720/pexelsoleksandrpidvalnyi100777311651671536_1651671536_720.jpg
de molen,the windmill,Weak,There are a lot of windmills in Kinderdijk.,Op Kinderdijk staan veel molens.,https://cdn.busuu.com/media/resized/audio/a_l_str___1615824035.mp3,https://cdn.busuu.com/media/resized/entity/720/shutterstock_10311704981661243267_1661243267_720.jpg
de motor,the motorbike,Strong,,,,https://cdn.busuu.com/media/resized/entity/720/shutterstock__1611852324_720.jpg
de Noordzee,the North Sea,Weak,We want to visit the North Sea this weekend.,We willen dit weekend de Noordzee bezoeken.,https://cdn.busuu.com/media/resized/audio/florisflemishbusuuaudioa_l_str___1615907702.mp3,https://cdn.busuu.com/media/resized/entity/720/shutterstock_16673990381661243453_1661243453_720.jpg
de oma,the grandma,Strong,My grandma's living in Lelystad.,Mijn oma woont in Lelystad.,https://cdn.busuu.com/media/resized/audio/a1_l48_str_4f8263ddd35e4e2598194547d41a12d71655110322_1655110322.mp3,https://cdn.busuu.com/media/resized/entity/720/pexelscottonbro558524911653399564_1653399564_720.jpg
de opa,the grandad,Strong,My grandad's name is Jim.,Mijn opa heet Jim.,https://cdn.busuu.com/media/resized/audio/a1_l48_str_06e28b10e52946a0b1bc5ff642b21dc31655110458_1655110458.mp3,https://cdn.busuu.com/media/resized/entity/720/shutterstock_11425707441653399933_1653399933_720.jpg
de pinpas,the bank card,Strong,He puts his bank card in his wallet.,Hij steekt zijn pinpas in zijn portemonnee.,https://cdn.busuu.com/media/resized/audio/a1_l45_str_3db9529ff18e4adb97a4140a6c5fda531646047027_1646047027.mp3,https://cdn.busuu.com/media/resized/entity/720/shutterstock_11142750591_1643812978_720.jpg
de portemonnee,the wallet,Strong,What's in your bag? - My wallet!,Wat zit er in je tas? - Mijn portemonnee!,https://cdn.busuu.com/media/resized/audio/a1_l45_str_4de9477330474f169842d88e61d5d53f1646046928_1646046928.mp3,https://cdn.busuu.com/media/resized/entity/720/shutterstock_687128584_1643812829_720.jpg
de receptie,the reception,Weak,You can check in at the reception.,U kunt inchecken bij de receptie. ,https://cdn.busuu.com/media/resized/audio/a_l_str___1615662476.mp3,https://cdn.busuu.com/media/resized/entity/720/shutterstock__1613460450_720.jpg
de rekening,the bill,Strong,"Can I have the bill, please?","Mag ik de rekening, alstublieft?",https://cdn.busuu.com/media/resized/audio/a_l_str___1608807535.mp3,https://cdn.busuu.com/media/resized/entity/720/rekening_1606801816_720.jpg
de sleutels,the keys,Strong,The keys are on the cupboard.,De sleutels liggen op de kast.,https://cdn.busuu.com/media/resized/audio/a1_l45_str_9433f7f9da3e4de0bd7db66fec5a8b8f1646046742_1646046742.mp3,https://cdn.busuu.com/media/resized/entity/720/shutterstock_291563078_1643806005_720.jpg
de straat,the street,Strong,He lives on Kerkstraat.,Hij woont aan de Kerkstraat.,https://cdn.busuu.com/media/resized/audio/a_l_str___1609424895.mp3,https://cdn.busuu.com/media/resized/entity/720/straat_1606986736_720.jpg
de taart,the cake,Strong,,,,https://cdn.busuu.com/media/resized/entity/720/taart_1608643839_720.jpg
de tas,the bag,Strong,My sister puts her bag on the table.,Mijn zus zet haar tas op tafel.,https://cdn.busuu.com/media/resized/audio/a1_l45_str_9be5b9fe450f43fcbc127ca05cef032b21646046391_1646046391.mp3,https://cdn.busuu.com/media/resized/entity/720/shutterstock_5388598571_1643805036_720.jpg
de taxi,the taxi,Weak,I take the taxi to the airport.,Ik neem de taxi naar de luchthaven.,https://cdn.busuu.com/media/resized/audio/florisbusuuaudioa_l_str___1613589976.mp3,https://cdn.busuu.com/media/resized/entity/720/shutterstock__1611851706_720.jpg
de tram,the tram,Strong,The tram stops close to the post office.,De tram stopt dicht bij het postkantoor.,https://cdn.busuu.com/media/resized/audio/a_l_str___1613669688.mp3,https://cdn.busuu.com/media/resized/entity/720/shutterstock__1611850539_720.jpg
de trein,the train,Strong,"This train doesn't stop in Middelburg, so I'll go by bus.","Deze trein stopt niet in Middelburg, dus ik ga met de bus.",https://cdn.busuu.com/media/resized/audio/florisbusuuaudioa_l_str___1613589793.mp3,https://cdn.busuu.com/media/resized/entity/720/shutterstock__1611848741_720.jpg
de tweepersoonskamer,the double room,Weak,Have you got a double room for next weekend?,Heeft u een tweepersoonskamer voor volgend weekend?,https://cdn.busuu.com/media/resized/audio/a_l_str___1615662446.mp3,https://cdn.busuu.com/media/resized/entity/720/shutterstock__1613460067_720.jpg
de uitnodiging,the invitation,Strong,This is an invitation to my party.,Dit is een uitnodiging voor mijn feestje.,https://cdn.busuu.com/media/resized/audio/a_l_str___1610736222.mp3,https://cdn.busuu.com/media/resized/entity/720/uitnodiging_1609406924_720.jpg
de universiteit,the university,Strong,Rianne studies French at the university in Utrecht.,Rianne studeert Frans aan de universiteit in Utrecht.,https://cdn.busuu.com/media/resized/audio/a_l_str___1609332900.mp3,https://cdn.busuu.com/media/resized/entity/720/universiteit_1607407949_720.jpg
de vader,the father,Strong,My father's from Maastricht.,Mijn vader komt uit Maastricht.,https://cdn.busuu.com/media-resources/audio/90474cb2-826c-410a-b447-490377f5e0db.mp3,https://cdn.busuu.com/media/resized/entity/720/pexelspixabay3830211651668808_1651668808_720.jpg
de Verenigde Staten,the United States,Strong,"We are from the United States, we're American.","Wij komen uit de Verenigde Staten, wij zijn Amerikaans.",https://cdn.busuu.com/media/resized/audio/florisenglishcourseaudioa_l_str___1608568029.mp3,https://cdn.busuu.com/media/resized/entity/720/vs_1605693806_720.jpg
de verjaardag,the birthday,Strong,It's Sander's birthday.,Het is de verjaardag van Sander.,https://cdn.busuu.com/media/resized/audio/str___1610632357.mp3,https://cdn.busuu.com/media/resized/entity/720/verjaardag_1608638275_720.jpg
de vertraging,the delay,Weak,The train is delayed by two hours.,De trein heeft twee uur vertraging.,https://cdn.busuu.com/media/resized/audio/a_l_str___1613555223.mp3,https://cdn.busuu.com/media/resized/entity/720/vertraging_1612086100_720.jpg
de vertrektijden,the departure times,Weak,The departure times of all trains can be found online.,De vertrektijden van alle treinen staan online.,https://cdn.busuu.com/media/resized/audio/a_l_str___1613555420.mp3,https://cdn.busuu.com/media/resized/entity/720/devertrektijden_1612341838_720.jpg
de wedstrijd,the match,Medium,The team plays a match every weekend.,Het team speelt elk weekend een wedstrijd.,https://cdn.busuu.com/media/resized/audio/a1_l74_str_33106433efc74af9a4f9b25718e7c21f1652258528_1652258528.mp3,https://cdn.busuu.com/media/resized/entity/720/shutterstock_10071916391650353855_1650353855_720.jpg
de week,the week,Strong,A week has seven days.,Een week heeft zeven dagen.,https://cdn.busuu.com/media/resized/audio/a_l_str___1610729526.mp3,https://cdn.busuu.com/media/resized/entity/720/deweek_1608270139_720.jpg
de winter,the winter,Weak,"In the winter, you can skate on the ice.",In de winter kan je schaatsen op het ijs.,https://cdn.busuu.com/media/resized/audio/a_ll_str___1615841683.mp3,https://cdn.busuu.com/media/resized/entity/720/shutterstock__1614283695_720.jpg
de yoga,yoga,Weak,Sofia does yoga.,Sofia doet aan yoga.,https://cdn.busuu.com/media/resized/audio/a1_l75_str_cd2eecfd194e4a8080cc08f26ffaedcf1652272046_1652272046.mp3,https://cdn.busuu.com/media/resized/entity/720/pexelstimamiroshnichenko592824311650437837_1650437837_720.jpg
de zomer,the summer,Weak,"In the summer, it's common to see Belgians or Dutch people spending a day by the sea.",In de zomer gaan Belgen en Nederlanders graag een dagje naar de zee.,https://cdn.busuu.com/media/resized/audio/dezomer_1615926133.mp3,https://cdn.busuu.com/media/resized/entity/720/strand_1614286787_720.jpg
de zoon,the son,Strong,My son's name is Daniel.,Mijn zoon heet Daniel.,https://cdn.busuu.com/media/resized/audio/florisbusuuaudiostr___1611213860.mp3,https://cdn.busuu.com/media/resized/entity/720/pexelsivansamkov462497011651669548_1651669548_720.jpg
de zus,the sister,Strong,This is my sister Karen. She's a doctor.,Dit is mijn zus Karen. Ze is dokter.,https://cdn.busuu.com/media/resized/audio/a1_l42_str_44537c6b117a445ca32bfa5cdfb0cfeb1654766433_1654766433.mp3,https://cdn.busuu.com/media/resized/entity/720/shutterstock_1449078191651734372_1651734373_720.jpg
dertien,thirteen,Strong,I'm going to floor thirteen.,Ik ga naar verdieping dertien.,https://cdn.busuu.com/media/resized/audio/a_l_str___1608808772.mp3,https://cdn.busuu.com/media/resized/entity/720/floor_1607081785_720.jpg
dichtstbijzijnde,nearest,Strong,,,,https://cdn.busuu.com/media/resized/entity/720/__dichtsbijzijnde_1607101222_720.jpg
Dit is...,This is...,Strong,,,,https://cdn.busuu.com/media/resized/entity/720/shutterstock_1903770051651734185_1651734185_720.jpg
donker,dark,Strong,,,,https://cdn.busuu.com/media/resized/entity/720/donker_1614603378_720.jpg
dorp,village,Strong,They are from a village.,Zij komen uit een dorp.,https://cdn.busuu.com/media/resized/audio/a_l_str___1608717643.mp3,https://cdn.busuu.com/media/resized/entity/720/dorp_1605693560_720.jpg
dorst,thirsty,Strong,I'm thirsty.,Ik heb dorst.,https://cdn.busuu.com/media/resized/audio/a_l_str___1608807849.mp3,https://cdn.busuu.com/media/resized/entity/720/dorst_1606899594_720.jpg
drie,"three
",Strong,three dogs,drie honden,https://cdn.busuu.com/media/resized/audio/a_l_str___1608564000.mp3,https://cdn.busuu.com/media/resized/entity/720/drie_honden_1605010557_720.jpg
drinken,to drink,Strong,He likes drinking wine. It's his favourite drink.,Hij drinkt graag wijn. Het is zijn favoriete drank.,https://cdn.busuu.com/media/resized/audio/a_l_str___1609400485.mp3,https://cdn.busuu.com/media/resized/entity/720/drinken_1606817301_720.jpg
droog,dry,Strong,,,,https://cdn.busuu.com/media/resized/entity/720/nat_droog_1614603401_720.jpg
druk,busy,Strong,The restaurant is busy.,Het restaurant is druk.,https://cdn.busuu.com/media/resized/audio/a_l_str___1609332662.mp3,https://cdn.busuu.com/media/resized/entity/720/druk_1607082063_720.jpg
Duitsland,Germany,Strong,"She's from Germany, she's German.","Zij komt uit Duitsland, zij is Duits.",https://cdn.busuu.com/media/resized/audio/florisenglishcourseaudioa_l_str___1608567556.mp3,https://cdn.busuu.com/media/resized/entity/720/duitsland_1606281499_720.jpg
duur,expensive,Strong,The apples are expensive.,De appels zijn duur.,https://cdn.busuu.com/media/resized/audio/a_l_str___1609331919.mp3,https://cdn.busuu.com/media/resized/entity/720/appelsduur_1607432033_720.jpg
een beetje,a little,Strong,I speak a little Dutch.,Ik spreek een beetje Nederlands.,https://cdn.busuu.com/media/resized/audio/a1_l23_str_65ae6f9de6c5447ab60ccddf57709fd3_1644927293.mp3,https://cdn.busuu.com/media/resized/entity/720/shutterstock_16038961301_1642434903_720.jpg
een douche nemen,to have a shower,Strong,Jim has a shower before breakfast.,Jim neemt een douche voor het ontbijt.,https://cdn.busuu.com/media/resized/audio/a_l_str___1611135608.mp3,https://cdn.busuu.com/media/resized/entity/720/douche_1610029252_720.jpg
een terrasje pakken,to have a drink on a terrace,Weak,We're going to have a drink on a terrace. Do you want to come along?,We gaan een terrasje pakken. Kom je mee?,https://cdn.busuu.com/media-resources/audio/093c990b-edf4-443c-a76a-9b6c36e61ef7.mp3,https://cdn.busuu.com/media/resized/entity/720/shutterstock_21414994651661241091_1661241091_720.jpg
eergisteren,the day before yesterday,Strong,I had a philosophy exam the day before yesterday.,Ik had eergisteren een examen Filosofie.,https://cdn.busuu.com/media/resized/audio/a_l_str___1611135229.mp3,https://cdn.busuu.com/media/resized/entity/720/overmorgen_1609924011_720.jpg
elf,eleven,Strong,He's eleven years old.,Hij is elf jaar oud.,https://cdn.busuu.com/media/resized/audio/a_l_str___1609332444.mp3,https://cdn.busuu.com/media/resized/entity/720/elf_1607081430_720.jpg
elke,every,Strong,I cook every day.,Ik kook elke dag.,https://cdn.busuu.com/media/resized/audio/florisbusuuaudioa_l_str___1611215864.mp3,https://cdn.busuu.com/media/resized/entity/720/elke_1610515611_720.jpg
en,and,Weak,I'm from France and he's from China.,Ik kom uit Frankrijk en hij komt uit China.,https://cdn.busuu.com/media/resized/audio/a_l_str___1612427784.mp3,https://cdn.busuu.com/media/resized/entity/720/en_1611139995_720.jpg
En jij?,And you?,Strong,,,,https://cdn.busuu.com/media/resized/entity/720/shutterstock_7029506891650967172_1650967172_720.jpg
En met jou?,How about you?,Strong,,,,https://cdn.busuu.com/media/resized/entity/720/shutterstock_20266599591650970511_1650970511_720.jpg
Engeland,England,Strong,"He's from England, he's English.","Hij komt uit Engeland, hij is Engels.",https://cdn.busuu.com/media/resized/audio/florisenglishcourseaudioa_l_str___1608567479.mp3,https://cdn.busuu.com/media/resized/entity/720/grootbrittanie_1605176768_720.jpg
eten,to eat,Strong,He eats a sandwich.,Hij eet een broodje.,https://cdn.busuu.com/media/resized/audio/a_l_str___1609326231.mp3,https://cdn.busuu.com/media/resized/entity/720/eten_1606816804_720.jpg
februari,February,Strong,,,,https://cdn.busuu.com/media/resized/entity/720/februari_1608194186_720.jpg
Frankrijk,France,Strong,"I'm from France, I'm French.","Ik kom uit Frankrijk, ik ben Frans.",https://cdn.busuu.com/media/resized/audio/a_l_str___1608564416.mp3,https://cdn.busuu.com/media/resized/entity/720/frankrijk_1605176642_720.jpg
friet,fries (Belgium),Strong,We eat fries every week. (Belgium),We eten elke week frieten.,https://cdn.busuu.com/media/resized/audio/a_l_str___1609326367.mp3,https://cdn.busuu.com/media/resized/entity/720/friettten_1606823898_720.jpg
fruit,fruit,Strong,He eats a lot of fruit.,Hij eet veel fruit. ,https://cdn.busuu.com/media/resized/audio/a_l_str___1609326316.mp3,https://cdn.busuu.com/media/resized/entity/720/fruit_1606822973_720.jpg
ga links,go left,Strong,,,,https://cdn.busuu.com/media/resized/entity/720/galinks_1607338561_720.jpg
ga rechtdoor,go straight ahead,Strong,Go straight ahead. The supermarket is there.,Ga rechtdoor. Daar is de supermarkt.,https://cdn.busuu.com/media/resized/audio/a_l_str___1608809063.mp3,https://cdn.busuu.com/media/resized/entity/720/_rechtodor_1607101924_720.jpg
ga rechts,go right,Strong,,,,https://cdn.busuu.com/media/resized/entity/720/aright_1607338874_720.jpg
gaan dansen,to go dancing,Medium,My sisters go dancing together every Wednesday.,Mijn zussen gaan elke woensdag samen dansen.,https://cdn.busuu.com/media/resized/audio/a1_l75_str_59511256f9cf42d89add3bd64766aa201652271977_1652271977.mp3,https://cdn.busuu.com/media/resized/entity/720/shutterstock_15826316051650437360_1650437360_720.jpg
gaan fietsen,to go cycling,Medium,I'm going cycling next weekend.,Ik ga volgend weekend fietsen.,https://cdn.busuu.com/media/resized/audio/a1_l75_str_cac90256184b44cb8dad8a7c5e2866b61652271910_1652271910.mp3,https://cdn.busuu.com/media/resized/entity/720/pexelsdocastle227032811650378063_1650378063_720.jpg
gaan schaatsen,to go ice skating,Weak,Do you want to go ice skating tomorrow?,Willen jullie morgen gaan schaatsen?,https://cdn.busuu.com/media/resized/audio/a1_l75_str_991e35f0003d474b928eedd11e615c171652271996_1652271996.mp3,https://cdn.busuu.com/media/resized/entity/720/shutterstock_5157673361650437482_1650437482_720.jpg
gaan slapen,to go to sleep,Strong,What time do you usually go to sleep?,Hoe laat ga jij gewoonlijk slapen?,https://cdn.busuu.com/media/resized/audio/a_l_str___1611135725.mp3,https://cdn.busuu.com/media/resized/entity/720/gotobed_1610034227_720.jpg
gaan zwemmen,to go swimming,Weak,Flora goes swimming on Mondays and Fridays.,Flora gaat op maandag en vrijdag zwemmen.,https://cdn.busuu.com/media/resized/audio/a1_l75_str_e1325cd7c37241cd83cef0e8b5dd40cb1652271892_1652271892.mp3,https://cdn.busuu.com/media/resized/entity/720/pexelsemilyrose206269011650377889_1650377889_720.jpg
geel,yellow,Strong,What's your favourite colour? - My favourite colour is yellow.,Wat is je lievelingskleur? - Mijn lievelingskleur is geel.,https://cdn.busuu.com/media/resized/audio/a1_l47_str_beb78603b28047ff84003e755c441a951646050802_1646050802.mp3,https://cdn.busuu.com/media/resized/entity/720/shutterstock_1487103767_1643897096_720.jpg
geen probleem,no problem,Strong,,,,https://cdn.busuu.com/media/resized/entity/720/geenprobleem_1604296131_720.jpg
Gelukkige verjaardag!,Happy birthday!,Strong,,,,https://cdn.busuu.com/media/resized/entity/720/gelukkigeverjaardag_1608642503_720.jpg
gescheiden,divorced,Strong,My mother and father are divorced.,Mijn moeder en vader zijn gescheiden.,https://cdn.busuu.com/media/resized/audio/a1_l42_str_14c68ee3a1cb4436b923d7db3ce21d791654766564_1654766564.mp3,https://cdn.busuu.com/media/resized/entity/720/shutterstock_14531410701651735434_1651735434_720.jpg
gesloten,closed,Strong,The school is closed.,De school is gesloten.,https://cdn.busuu.com/media/resized/audio/a_l_str___1609332648.mp3,https://cdn.busuu.com/media/resized/entity/720/gesloten_1607081924_720.jpg
getrouwd,married,Strong,This is my brother. He's living in Spain and he's married.,Dit is mijn broer. Hij woont in Spanje en hij is getrouwd.,https://cdn.busuu.com/media/resized/audio/a1_l42_str_4c9a982480754af48a68195d93152fb61654766513_1654766513.mp3,https://cdn.busuu.com/media/resized/entity/720/shutterstock_20832580901651735523_1651735523_720.jpg
gisteren,yesterday,Strong,Yesterday was his birthday.,Gisteren was hij jarig.,https://cdn.busuu.com/media/resized/audio/a_l_str___1611135193.mp3,https://cdn.busuu.com/media/resized/entity/720/gisteren_1609922998_720.jpg
goedemiddag,good afternoon,Strong,"Good afternoon, Ms Jansen.","Goedemiddag, mevrouw Jansen.",https://cdn.busuu.com/media/resized/audio/a_l_str___1606140539.mp3,https://cdn.busuu.com/media/resized/entity/720/goedemiddag_1604073451_720.jpg
Goedemiddag!,Good afternoon,Strong,,,,https://cdn.busuu.com/media/resized/entity/720/goedemiddag_1604073451_720.jpg
goedemorgen,good morning,Strong,"Good morning, Ms Visser.","Goedemorgen, mevrouw Visser.",https://cdn.busuu.com/media/resized/audio/a_l_str___1606142634.mp3,https://cdn.busuu.com/media/resized/entity/720/goedemorgen_1604072643_720.jpg
goedenavond,good evening,Strong,"Good evening, Mr De Vries.","Goedenavond, meneer De Vries.",https://cdn.busuu.com/media/resized/audio/a_l_tr___1606140937.mp3,https://cdn.busuu.com/media/resized/entity/720/goedenavond_1604075875_720.jpg
goedkoop,cheap,Strong,The T-shirt is cheap.,Het T-shirt is goedkoop.,https://cdn.busuu.com/media/resized/audio/a_l_str___1609326719.mp3,https://cdn.busuu.com/media/resized/entity/720/goedkoop_1606984848_720.jpg
grijs,grey,Strong,Her favourite bag is grey.,Haar lievelingstas is grijs.,https://cdn.busuu.com/media/resized/audio/a1_l47_str_ce43240462f544a4ab322060cfc6b0b61646051297_1646051297.mp3,https://cdn.busuu.com/media/resized/entity/720/shutterstock_1539295739_1644320906_720.jpg
groen,green,Strong,He always wears green glasses.,Hij draagt altijd een groene bril.,https://cdn.busuu.com/media/resized/audio/a1_l47_str_be73c82850d54c9bb3b97bb9a7fe92591646051160_1646051160.mp3,https://cdn.busuu.com/media/resized/entity/720/shutterstock_126882149_1643897606_720.jpg
groente,vegetable,Strong,She eats a lot of vegetables.,Zij eet veel groente.,https://cdn.busuu.com/media/resized/audio/a_l_str___1608807689.mp3,https://cdn.busuu.com/media/resized/entity/720/groente_1606823180_720.jpg
groot,"big, large",Strong,The house is big.,Het huis is groot.,https://cdn.busuu.com/media/resized/audio/a_l_str___1609404478.mp3,https://cdn.busuu.com/media/resized/entity/720/groot_1607081084_720.jpg
haar vader,her father,Strong,Her father lives in Nijmegen.,Haar vader woont in Nijmegen.,https://cdn.busuu.com/media/resized/audio/a_l_str___1609953608.mp3,https://cdn.busuu.com/media/resized/entity/720/haarvader_1607613397_720.jpg
half uur,half an hour,Strong,We're eating in half an hour.,Over een half uur gaan we eten.,https://cdn.busuu.com/media/resized/audio/a_l_str___1611332851.mp3,https://cdn.busuu.com/media/resized/entity/720/halfuur_1609998868_720.jpg
ham,ham,Strong,The girl eats a slice of bread with ham.,Het meisje eet een boterham met ham.,https://cdn.busuu.com/media/resized/audio/a_l_str___1608807673.mp3,https://cdn.busuu.com/media/resized/entity/720/ham_1606822298_720.jpg
heerlijk,delicious,Strong,She finds chocolate delicious.,Zij vindt chocolade heerlijk.,https://cdn.busuu.com/media/resized/audio/a_l_str___1609401529.mp3,https://cdn.busuu.com/media/resized/entity/720/delicious_1606925092_720.jpg
het adres,the address,Strong,The address is Herengracht 98.,Het adres is Herengracht 98.,https://cdn.busuu.com/media/resized/audio/a_l_str___1608808690.mp3,https://cdn.busuu.com/media/resized/entity/720/hetadres_1606987776_720.jpg
het appartement,the apartment,Strong,She lives in an apartment on Herengracht.,Zij woont in een appartement aan de Herengracht.,https://cdn.busuu.com/media/resized/audio/a_l_str___1609330000.mp3,https://cdn.busuu.com/media/resized/entity/720/hetappartement_1606988168_720.jpg
het avondeten,the dinner,Strong,What time is dinner? - At six o 'clock.,Hoe laat is het avondeten? - Om zes uur.,https://cdn.busuu.com/media/resized/audio/a1_l59_str_9998e5e71fd64cdaad5e256bf28a306d1646997965_1646997965.mp3,https://cdn.busuu.com/media/resized/entity/720/shutterstock_192814820311645444579_1645444579_720.jpg
het basketbal,basketball,Medium,My brothers want to play basketball in the square tomorrow.,Mijn broers willen morgen op het plein basketballen.,https://cdn.busuu.com/media/resized/audio/a1_l73_str_d88e65a9ad2743a79348762daeb0de6f1652250488_1652250488.mp3,https://cdn.busuu.com/media/resized/entity/720/shutterstock_18506774021650614658_1650614658_720.jpg
het boek,the book,Strong,The children like the book.,De kinderen vinden het boek leuk.,https://cdn.busuu.com/media/resized/audio/a_ll_str___1613673275.mp3,https://cdn.busuu.com/media/resized/entity/720/shutterstock__1610311673_720.jpg
het cadeau,the present,Strong,,,,https://cdn.busuu.com/media/resized/entity/720/cadeau_1608644246_720.jpg
het café,the cafe,Strong,Tonight we'll have a drink in the cafe.,Vanavond gaan we iets drinken in het café.,https://cdn.busuu.com/media/resized/audio/a_l_str___1612424588.mp3,https://cdn.busuu.com/media/resized/entity/720/shutterstock__1610466697_720.jpg
het centrum,the city centre,Strong,The city centre of Amsterdam is busy.,Het centrum van Amsterdam is druk.,https://cdn.busuu.com/media/resized/audio/a_l_str___1609404925.mp3,https://cdn.busuu.com/media/resized/entity/720/centrum_1607408625_720.jpg
Het eten is lekker.,The food is tasty.,Strong,,,,https://cdn.busuu.com/media/resized/entity/720/a_hetetenislekker_1606908076_720.jpg
het feest,the party,Strong,,,,https://cdn.busuu.com/media/resized/entity/720/feest_1608644336_720.jpg
Het gaat goed.,I'm good.,Strong,,,,https://cdn.busuu.com/media/resized/entity/720/shutterstock_19468502081650970058_1650970058_720.jpg
het geld,the money,Weak,How much money do you have in your wallet?,Hoeveel geld heb jij in jouw portemonee?,https://cdn.busuu.com/media/resized/audio/florisbusuuaudioa_l_str___1613591402.mp3,https://cdn.busuu.com/media/resized/entity/720/shutterstock__1612277366_720.jpg
het hotel,the hotel,Strong,There is one hotel in the village.,Er is één hotel in het dorp.,https://cdn.busuu.com/media/resized/audio/a_l_str___1609330565.mp3,https://cdn.busuu.com/media/resized/entity/720/hotel_1607408027_720.jpg
het huis,the house,Strong,I live in a house in Amsterdam.,Ik woon in een huis in Amsterdam.,https://cdn.busuu.com/media/resized/audio/a_l_str___1609404294.mp3,https://cdn.busuu.com/media/resized/entity/720/hethuis_1606988019_720.jpg
Het is half vijf.,It's half past four.,Strong,,,,https://cdn.busuu.com/media/resized/entity/720/hetishalfvijf_1609999320_720.jpg
Het is...,It is...,Strong,It is three o'clock.,Het is drie uur.,https://cdn.busuu.com/media/resized/audio/florisbusuuaudioa_l_str___1611215057.mp3,https://cdn.busuu.com/media/resized/entity/720/hetis_1609937009_720.jpg
het jaar,the year,Strong,There are twelve months in a year.,Er zijn twaalf maanden in een jaar.,https://cdn.busuu.com/media/resized/audio/a_l_str___1610735013.mp3,https://cdn.busuu.com/media/resized/entity/720/jaar_1608193741_720.jpg
het kaartje,the ticket,Weak,Can I buy a ticket to Groningen?,Kan ik een kaartje kopen naar Groningen?,https://cdn.busuu.com/media/resized/audio/a_l_str___1613670078.mp3,https://cdn.busuu.com/media/resized/entity/720/kaartje_1612086456_720.jpg
het karate,karate,Medium,We do karate in the sports club.,Wij doen aan karate in de sportclub.,https://cdn.busuu.com/media/resized/audio/a1_l75_str_92c419bf9a554c7c8aa985352adb77da1652272124_1652272124.mp3,https://cdn.busuu.com/media/resized/entity/720/pexelsartempodrez625331011650438552_1650438552_720.jpg
het koekje,the biscuit,Medium,Would you also like a biscuit with your coffee?,Wil je ook een koekje bij de koffie?,https://cdn.busuu.com/media/resized/audio/a1_l71_str_58f90fb75a224742b0e43aaea952d6481652247472_1652247472.mp3,https://cdn.busuu.com/media/resized/entity/720/pexelsmaxvakhtbovych599794811649167003_1649167003_720.jpg
het loket,the counter,Weak,"At Amsterdam Centraal, you can buy a ticket from a counter.",Op Amsterdam Centraal kun je een kaartje kopen bij een loket.,https://cdn.busuu.com/media/resized/audio/florisbusuuaudioa_l_str___1613590437.mp3,https://cdn.busuu.com/media/resized/entity/720/hetloket_1612341023_720.jpg
het mobieltje,the mobile phone,Strong,My mobile phone is always in my bag.,Mijn mobieltje zit altijd in mijn tas.,https://cdn.busuu.com/media/resized/audio/a1_l45_str_987cdb0cb0e94a92ab44fe4681bc1b9b1646046795_1646046795.mp3,https://cdn.busuu.com/media/resized/entity/720/shutterstock_790628113_1643811653_720.jpg
het museum,the museum,Strong,Are we going to the museum?,Gaan we naar het museum?,https://cdn.busuu.com/media/resized/audio/a_l_str___1612424674.mp3,https://cdn.busuu.com/media/resized/entity/720/shutterstock__1610479601_720.jpg
het nummer,the number,Strong,"I live on Hoofdstraat, at number 29.","Ik woon aan de Hoofdstraat, op nummer 29.",https://cdn.busuu.com/media/resized/audio/a_l_str___1609332368.mp3,https://cdn.busuu.com/media/resized/entity/720/hetnummer_1606987009_720.jpg
het ontbijt,the breakfast ,Strong,Breakfast is an important meal.,Het ontbijt is een belangrijke maaltijd.,https://cdn.busuu.com/media-resources/audio/22dc04df-2eb3-4750-a07c-573de7fe3129.mp3,https://cdn.busuu.com/media/resized/entity/720/shutterstock_986690661645440701_1645440701_720.jpg
het openbaar vervoer,the public transport,Weak,He always takes public transport.,Hij neemt altijd het openbaar vervoer. ,https://cdn.busuu.com/media/resized/audio/a_l_str___1613555162.mp3,https://cdn.busuu.com/media/resized/entity/720/shutterstock__1611918718_720.jpg
het paspoort,the passport,Weak,I have a lot of stamps in my passport.,Ik heb veel stempels in mijn paspoort.,https://cdn.busuu.com/media/resized/audio/florisflemishbusuuaudioa_l_str___1615907889.mp3,https://cdn.busuu.com/media/resized/entity/720/hetpaspoort_1613533117_720.jpg
het perron,the platform,Weak,It's very quiet on the platform.,Het is erg rustig op het perron.,https://cdn.busuu.com/media/resized/audio/florisbusuuaudioa_l_str___1613590403.mp3,https://cdn.busuu.com/media/resized/entity/720/hetperron_1612340119_720.jpg
het plein,the square,Weak,In the city centre you will find a big square with a lot of bars.,In het centrum van de stad vind je een groot plein met veel cafés.,https://cdn.busuu.com/media-resources/audio/6120a07d-4917-4f48-b9c6-f64eb9e5af91.mp3,https://cdn.busuu.com/media/resized/entity/720/shutterstock_10274057141661240481_1661240481_720.jpg
het postkantoor,the post office,Strong,Marieke works in the post office.,Marieke werkt in het postkantoor.,https://cdn.busuu.com/media/resized/audio/a_l_str___1609404772.mp3,https://cdn.busuu.com/media/resized/entity/720/postkantoor_1607406164_720.jpg
het seizoen,the season,Weak,"In the Netherlands and Belgium, there are four seasons.",In Nederland en België zijn er vier seizoenen.,https://cdn.busuu.com/media/resized/audio/a_ll_str___1615663811.mp3,https://cdn.busuu.com/media/resized/entity/720/seizoenii_1614282890_720.jpg
het spoor,the track,Weak,The train from Luik will arrive on platform 11.,De trein uit Luik komt aan op spoor 11.,https://cdn.busuu.com/media/resized/audio/a_l_str___1613671581.mp3,https://cdn.busuu.com/media/resized/entity/720/hetspoor_1612340003_720.jpg
het stadhuis,the city hall,Strong,Where is the city hall?,Waar is het stadhuis?,https://cdn.busuu.com/media/resized/audio/a_l_str___1608809191.mp3,https://cdn.busuu.com/media/resized/entity/720/stadhuis_1607406003_720.jpg
het team,the team,Strong,She plays in a football team.,Zij speelt voetbal in een team.,https://cdn.busuu.com/media/resized/audio/a1_l74_str_f56b20f859b34f1c861201fd1cb7efb71652258102_1652258103.mp3,https://cdn.busuu.com/media/resized/entity/720/shutterstock_1898865711650620953_1650620954_720.jpg
het tennis,tennis,Medium,Their favourite sport is tennis.,Hun favoriete sport is tennis.,https://cdn.busuu.com/media/resized/audio/a1_l73_str_1c880f276636405880b3a39d8798695b1652250368_1652250368.mp3,https://cdn.busuu.com/media/resized/entity/720/pexelsgonzalofacello143203911650281624_1650281624_720.jpg
het toetje,the dessert,Strong,My grandad always eats dessert after dinner.,Mijn opa eet altijd een toetje na het avondeten.,https://cdn.busuu.com/media/resized/audio/a1_l60_str_b2b93a930c494db7a57321b093d3e9631646998539_1646998539.mp3,https://cdn.busuu.com/media/resized/entity/720/shutterstock_3794140451645445870_1645445870_720.jpg
het treinstation,the train station,Strong,The train station in Amsterdam is big.,Het treinstation in Amsterdam is groot.,https://cdn.busuu.com/media/resized/audio/a_l_str___1609330531.mp3,https://cdn.busuu.com/media/resized/entity/720/treinstation_1607407652_720.jpg
het uur,the hour,Strong,"After eight o'clock, the supermarket is closed.",Na acht uur is de supermarkt gesloten.,https://cdn.busuu.com/media/resized/audio/a_l_str___1611134993.mp3,https://cdn.busuu.com/media/resized/entity/720/hetuur_1609937397_720.jpg
het vliegtuig,the plane,Weak,The plane to New York departs in half an hour.,Het vliegtuig naar New York vertrekt over een half uur.,https://cdn.busuu.com/media/resized/audio/florisflemishbusuuaudioa_l_str___1615907785.mp3,https://cdn.busuu.com/media/resized/entity/720/hetvliegtuig_1613463792_720.jpg
het voetbal,football,Medium,My sister likes playing football.,Mijn zus speelt graag voetbal.,https://cdn.busuu.com/media/resized/audio/a1_l73_str_9ceaa779361f49dd81903f733bf80b5a1652250104_1652250104.mp3,https://cdn.busuu.com/media/resized/entity/720/shutterstock_18487689071650281500_1650281500_720.jpg
het volleybal,volleyball,Medium,Joana plays volleyball with her friends every Wednesday and Saturday.,Joana speelt elke woensdag en zaterdag volleybal met haar vrienden.,https://cdn.busuu.com/media/resized/audio/a1_l73_str_a49e661634ba4945a7ef6957489ce9971652250532_1652250532.mp3,https://cdn.busuu.com/media/resized/entity/720/shutterstock_577575191650282613_1650282613_720.jpg
het weekend,the weekend,Strong,At the weekend I eat out at restaurants.,In het weekend eet ik in een restaurant.,https://cdn.busuu.com/media/resized/audio/florisbusuuaudiostr___1611213971.mp3,https://cdn.busuu.com/media/resized/entity/720/hetweekend_1608271578_720.jpg
Hoe gaat het?,How is it going?,Strong,,,,https://cdn.busuu.com/media/resized/entity/720/shutterstock_1131983591650968589_1650968589_720.jpg
Hoe heet je?,What's your name?,Strong,,,,https://cdn.busuu.com/media/resized/entity/720/shutterstock_115573999011650965773_1650965773_720.jpg
Hoe laat is het?,What time is it?,Strong,,,,https://cdn.busuu.com/media/resized/entity/720/hoelaatishet_1609928748_720.jpg
Hoe oud ben jij?,How old are you?,Strong,How old are you? — I'm 25 years old.,Hoe oud ben jij? — Ik ben 25 jaar oud.,https://cdn.busuu.com/media/resized/audio/str___1610814290.mp3,https://cdn.busuu.com/media/resized/entity/720/hoeoud_1608641031_720.jpg
Hoe vaak...,How often...,Strong,How often do you cook?,Hoe vaak kook jij?,https://cdn.busuu.com/media/resized/audio/a_l_str___1611136274.mp3,https://cdn.busuu.com/media/resized/entity/720/hoevaak_1610515484_720.jpg
Hoeveel kost...?,How much does ... cost?,Strong,How much does the fish cost?,Hoeveel kost de vis?,https://cdn.busuu.com/media/resized/audio/a_l_str___1609331869.mp3,https://cdn.busuu.com/media/resized/entity/720/hoeveelkost_1606981708_720.jpg
Hoi!,Hi!,Strong,,,,https://cdn.busuu.com/media/resized/entity/720/hallo_1603792281_7201650959921_1650959921_720.jpg
honderd,one hundred,Strong,My grandmother is one hundred years old.,Mijn oma is honderd jaar.,https://cdn.busuu.com/media/resized/audio/a_l_str___1610735747.mp3,https://cdn.busuu.com/media/resized/entity/720/jpg_1609141285_720.jpg
honger,hungry,Strong,I'm hungry.,Ik heb honger.,https://cdn.busuu.com/media/resized/audio/a_l_str___1609331778.mp3,https://cdn.busuu.com/media/resized/entity/720/honger_1606899453_720.jpg
houden van,to love,Strong,We love food.,Wij houden van eten.,https://cdn.busuu.com/media/resized/audio/a_l_str___1609326450.mp3,https://cdn.busuu.com/media/resized/entity/720/love_1606900570_720.jpg
hun ouders,their parents,Strong,The children live with their parents.,De kinderen wonen bij hun ouders.,https://cdn.busuu.com/media/resized/audio/a_l_str___1609949877.mp3,https://cdn.busuu.com/media/resized/entity/720/kinderenbijouders_1607615540_720.jpg
Ik begrijp het niet.,I don't understand.,Strong,"Sorry, I don't understand. I don't speak Dutch.","Sorry, ik begrijp het niet. Ik spreek geen Nederlands.",https://cdn.busuu.com/media/resized/audio/a1_l23_str_53705e5efdf54f2596831e5375f3db81_1644927574.mp3,https://cdn.busuu.com/media/resized/entity/720/shutterstock_1808652787_1642689105_720.jpg
Ik ben leraar.,I'm a teacher.,Strong,,,,https://cdn.busuu.com/media/resized/entity/720/teacher_male_1604401608_720.jpg
Ik heb dorst.,I'm thirsty.,Strong,,,,https://cdn.busuu.com/media/resized/entity/720/aaaadorst_1606909421_720.jpg
Ik heb honger.,I'm hungry.,Strong,,,,https://cdn.busuu.com/media/resized/entity/720/honger_1610382635_720.jpg
Ik spreek Frans en Nederlands.,I speak French and Dutch.,Strong,,,,https://cdn.busuu.com/media/resized/entity/720/ikspreek_1610375023_720.jpg
Ik spreek geen...,I don't speak...,Strong,I don't speak Arabic.,Ik spreek geen Arabisch.,https://cdn.busuu.com/media/resized/audio/a1_l23_str_8c6c1a67a33644e1bd89ab1d871b3f7e_1644932237.mp3,https://cdn.busuu.com/media/resized/entity/720/shutterstock_14046672141_1642438673_720.jpg
Ik versta u prima!,I understand you just fine!,Weak,,,,https://cdn.busuu.com/media-resources/image/a/pr:exercise_m/plain/s3://busuu-logos-service-media-production/media-resources/image/0971c164-7571-4e08-9a6c-b92cc9567f63.jpg@jpg
inchecken,to check in,Strong,,,,https://cdn.busuu.com/media/resized/entity/720/shutterstock__1613461327_720.jpg
instappen,to get on,Strong,,,,https://cdn.busuu.com/media/resized/entity/720/shutterstock__1612285215_720.jpg
interessant,interesting,Medium,We find the museum interesting.,Wij vinden het museum interessant.,https://cdn.busuu.com/media/resized/audio/a_l_str___1612353522.mp3,https://cdn.busuu.com/media/resized/entity/720/interessant_1610949835_720.jpg
Is zij Engels?,Is she English?,Strong,,,,https://cdn.busuu.com/media/resized/entity/720/issheenglish_1606297546_720.jpg
ja,yes,Strong,,,,https://cdn.busuu.com/media/resized/entity/720/ja_1605802513_720.jpg
"Ja, graag!","Yes, I'd love to!",Strong,,,,https://cdn.busuu.com/media/resized/entity/720/abxc_1609410783_720.jpg
"Ja, natuurlijk!","Yes, of course!",Strong,,,,https://cdn.busuu.com/media/resized/entity/720/janaturulijk_1607100851_720.jpg
januari,January,Strong,,,,https://cdn.busuu.com/media/resized/entity/720/januarifebruari_1608194129_720.jpg
Japan,Japan,Strong,"They are from Japan, they're Japanese.","Zij komen uit Japan, ze zijn Japans.",https://cdn.busuu.com/media/resized/audio/a_l_str___1608717843.mp3,https://cdn.busuu.com/media/resized/entity/720/japan_1605693876_720.jpg
jarig,birthday,Strong,It's Sander's birthday.,Sander is jarig.,https://cdn.busuu.com/media/resized/audio/florisbusuuaudiostr___1611214485.mp3,https://cdn.busuu.com/media/resized/entity/720/jarig_1608638107_720.jpg
je zus / jouw zus,your sister,Strong,"Where does your sister work?
",Waar werkt je zus?,https://cdn.busuu.com/media/resized/audio/a_l_str___1609949617.mp3,https://cdn.busuu.com/media/resized/entity/720/jezus_1607598904_720.jpg
Jeetje!,Geez!,Medium,"Geez, does the book cost 80 euro? That's expensive!","Jeetje, kost het boek 80 euro? Dat is duur!",https://cdn.busuu.com/media/resized/audio/a1_l72_str_90a2c47d0ecb4a44af109d6bcaf78bd11652248877_1652248877.mp3,https://cdn.busuu.com/media/resized/entity/720/untitleddesign151649245140_1649245140_720.jpg
juli,July,Strong,,,,https://cdn.busuu.com/media/resized/entity/720/juli_1608194444_720.jpg
jullie ouders,your (plural) parents,Strong,Do your (plural) parents live in the Netherlands?,Wonen jullie ouders in Nederland?,https://cdn.busuu.com/media/resized/audio/a_l_str___1609953699.mp3,https://cdn.busuu.com/media/resized/entity/720/nlfamilie_1607614976_720.jpg
juni,June,Strong,,,,https://cdn.busuu.com/media/resized/entity/720/meijuni_1608194432_720.jpg
kaas,cheese,Strong,The boy eats a slice of bread with cheese.,De jongen eet een boterham met kaas.,https://cdn.busuu.com/media/resized/audio/a_l_str___1608807638.mp3,https://cdn.busuu.com/media/resized/entity/720/kaas_1606822124_720.jpg
Kan ik bestellen?,Can I order?,Strong,,,,https://cdn.busuu.com/media/resized/entity/720/kanikbestellensr_1606802004_720.jpg
koffie,coffee,Strong,"Two coffees, please.","Twee koffie, alsjeblieft.",https://cdn.busuu.com/media/resized/audio/a_l_str___1609399431.mp3,https://cdn.busuu.com/media/resized/entity/720/koffie_1606721783_720.jpg
koken,to cook,Strong,My friend is cooking tasty food tonight.,Mijn vriend kookt lekker eten vanavond.,https://cdn.busuu.com/media/resized/audio/a_l_str___1611333366.mp3,https://cdn.busuu.com/media/resized/entity/720/koken_1610033830_720.jpg
Kom binnen!,Come on in!,Strong,Hi Maria! It's good to see you. Come on in!,Hoi Maria! Wat leuk om je te zien. Kom binnen!,https://cdn.busuu.com/media/resized/audio/a1_l71_str_e8ea9622794e40058c66b08e7a9feeaf1652247367_1652247367.mp3,https://cdn.busuu.com/media/resized/entity/720/untitleddesign81649166693_1649166693_720.jpg
komen uit,to come from,Strong,I come from the Netherlands.,Ik kom uit Nederland.,https://cdn.busuu.com/media/resized/audio/a_l_str___1608564341.mp3,https://cdn.busuu.com/media/resized/entity/720/komenuit_1605172364_720.jpg
kopen,"to buy
",Strong,Maria buys fruit and vegetables at the market.,Maria koopt fruit en groenten op de markt.,https://cdn.busuu.com/media/resized/audio/a_l_str___1609331840.mp3,https://cdn.busuu.com/media/resized/entity/720/kopen_1606980593_720.jpg
kort,short,Strong,Mirjam's hair is short.,Mirjams haar is kort.,https://cdn.busuu.com/media/resized/audio/a_l_str___1609404523.mp3,https://cdn.busuu.com/media/resized/entity/720/kort_1607081626_720.jpg
kosten,to cost,Strong,The potatoes cost 3 euro.,De aardappelen kosten 3 euro.,https://cdn.busuu.com/media/resized/audio/a_l_str___1609331852.mp3,https://cdn.busuu.com/media/resized/entity/720/kosten_1606981034_720.jpg
koud,cold,Strong,,,,https://cdn.busuu.com/media/resized/entity/720/koud_1614603360_720.jpg
Kun je naar mijn feestje komen?,Can you come to my party?,Strong,,,,https://cdn.busuu.com/media/resized/entity/720/kunjenaarmijnfeestjekomen_1609405785_720.jpg
Kun je wat langzamer spreken?,Can you speak a bit more slowly?,Strong,"Sorry, I don't understand. Can you speak a bit more slowly?","Sorry, ik begrijp het niet. Kun je wat langzamer spreken?",https://cdn.busuu.com/media/resized/audio/a1_l4_str_a09cadeae3244a2292998099f2b55e43_p12_1644937762.mp3,https://cdn.busuu.com/media/resized/entity/720/shutterstock_19542786701_1642439698_720.jpg
Kunt u mij helpen?,Can you help me?,Strong,"Excuse me, can you help me? – Yes, of course!","Sorry, kunt u mij helpen? Ja natuurlijk!",https://cdn.busuu.com/media/resized/audio/a_l_str___1609332711.mp3,https://cdn.busuu.com/media/resized/entity/720/a_kuntumehelpenflashcard_1607100478_720.jpg
laat,late,Strong,At the weekend he goes to bed late.,In het weekend gaat hij laat slapen. ,https://cdn.busuu.com/media/resized/audio/a_l_str___1611334031.mp3,https://cdn.busuu.com/media/resized/entity/720/shutterstock__1610623115_720.jpg
lang,"long, tall",Strong,The street is long.,De straat is lang.,https://cdn.busuu.com/media/resized/audio/a_l_str___1609332633.mp3,https://cdn.busuu.com/media/resized/entity/720/lang_1607081532_720.jpg
lekker,tasty,Strong,He finds fruit tasty.,Hij vindt fruit lekker.,https://cdn.busuu.com/media/resized/audio/a_l_str___1609326504.mp3,https://cdn.busuu.com/media/resized/entity/720/tasty_1606925150_720.jpg
leven,to live,Weak,An elephant lives for a long time.,Een olifant leeft lang.,https://cdn.busuu.com/media/resized/audio/florisbusuuaudioa_l_str___1613589283.mp3,https://cdn.busuu.com/media/resized/entity/720/shutterstock__1611154970_720.jpg
lezen,to read,Strong,Jan likes to read difficult books.,Jan leest graag moeilijke boeken.,https://cdn.busuu.com/media/resized/audio/a_l_str___1612778141.mp3,https://cdn.busuu.com/media/resized/entity/720/shutterstock__1610311936_720.jpg
lunchen,to have lunch,Strong,Do you want to have lunch together today?,Wil je vandaag samen lunchen?,https://cdn.busuu.com/media/resized/audio/florisbusuuaudioa_l_str___1611215682.mp3,https://cdn.busuu.com/media/resized/entity/720/lunchen_1610030071_720.jpg
maar,but,Weak,"I like swimming, but my husband doesn't.","Ik houd van zwemmen, maar mijn man niet.",https://cdn.busuu.com/media/resized/audio/a_l_str___1612427844.mp3,https://cdn.busuu.com/media/resized/entity/720/maar_1611287012_720.jpg
maart,March,Strong,,,,https://cdn.busuu.com/media/resized/entity/720/maartapril_1608194206_720.jpg
makkelijk,easy,Strong,The lessons are easy.,De lessen zijn makkelijk.,https://cdn.busuu.com/media/resized/audio/a_l_str___1609404642.mp3,https://cdn.busuu.com/media/resized/entity/720/makkelijk_1607082339_720.jpg
meestal,usually,Strong,We usually eat pizza on Friday.,Wij eten meestal pizza op vrijdag.,https://cdn.busuu.com/media/resized/audio/a_l_str___1611136344.mp3,https://cdn.busuu.com/media/resized/entity/720/meestal_1610516895_720.jpg
meneer,Mr/Sir,Strong,Mr De Vries,meneer De Vries,https://cdn.busuu.com/media/resized/audio/a_l_str___1606140575.mp3,https://cdn.busuu.com/media/resized/entity/720/meneer_1604069171_720.jpg
mevrouw,Ms/Madam,Strong,Ms Jansen,mevrouw Jansen,https://cdn.busuu.com/media/resized/audio/a_l_str___1606142661.mp3,https://cdn.busuu.com/media/resized/entity/720/mevrouw_1604067493_720.jpg
mijn ouders,my parents,Strong,My parents live in Rotterdam.,Mijn ouders wonen in Rotterdam.,https://cdn.busuu.com/media/resized/audio/a_l_str___1609953513.mp3,https://cdn.busuu.com/media/resized/entity/720/dutchfamily_1607598552_720.jpg
moeilijk,difficult,Strong,I find English difficult.,Ik vind Engels moeilijk.,https://cdn.busuu.com/media/resized/audio/a_l_str___1609330437.mp3,https://cdn.busuu.com/media/resized/entity/720/moeilijk_1607082434_720.jpg
mooi,beautiful,Strong,My friends find the film beautiful.,Mijn vrienden vinden de film mooi.,https://cdn.busuu.com/media/resized/audio/a_l_str___1612426137.mp3,https://cdn.busuu.com/media/resized/entity/720/mooi_1610942479_720.jpg
morgen,tomorrow,Strong,Is the shop open tomorrow?,Is de winkel morgen open?,https://cdn.busuu.com/media/resized/audio/a_l_str___1611135212.mp3,https://cdn.busuu.com/media/resized/entity/720/morgen_1609923176_720.jpg
na,after,Strong,After work I'm going to the supermarket.,Na het werk ga ik naar de supermarkt. ,https://cdn.busuu.com/media/resized/audio/a_l_str___1611332262.mp3,https://cdn.busuu.com/media/resized/entity/720/shutterstock__1610622551_720.jpg
naar het werk gaan,to go to work,Strong,I am not going to work today.,Ik ga vandaag niet naar het werk. ,https://cdn.busuu.com/media/resized/audio/a_l_str___1611331769.mp3,https://cdn.busuu.com/media/resized/entity/720/gaanwerken_1610029807_720.jpg
naar huis gaan,to go home,Strong,At 10 o'clock in the evening I go home.,Om 10 uur 's avonds ga ik naar huis.,https://cdn.busuu.com/media/resized/audio/florisbusuuaudioa_l_str___1611215724.mp3,https://cdn.busuu.com/media/resized/entity/720/huisgaan_1610033682_720.jpg
nee,no,Strong,"No, thanks.","Nee, dankjewel.",https://cdn.busuu.com/media/resized/audio/a_l_str___1606142866.mp3,https://cdn.busuu.com/media/resized/entity/720/nee_1604042883_720.jpg
"Nee, sorry.","No, I'm sorry.",Strong,,,,https://cdn.busuu.com/media/resized/entity/720/_neesorry_1607100992_720.jpg
negen,nine,Strong,"That's nine euro, please!","Dat is negen euro, alstublieft!",https://cdn.busuu.com/media/resized/audio/a_l_str___1608564115.mp3,https://cdn.busuu.com/media/resized/entity/720/negeneuro_1605014101_720.jpg
nemen,to take,Weak,Gabriel and Louise take the taxi home.,Gabriel en Louise nemen de taxi naar huis.,https://cdn.busuu.com/media/resized/audio/a_l_str___1613669376.mp3,https://cdn.busuu.com/media/resized/entity/720/shutterstock__1611847400_720.jpg
niets aan te geven,nothing to declare,Weak,You don't have to declare one bottle of wine.,Eén fles wijn hoef je niet aan te geven.,https://cdn.busuu.com/media/resized/audio/a_l_str___1615661779.mp3,https://cdn.busuu.com/media/resized/entity/720/nietsaantegeven_1613465528_720.jpg
nooit,never,Strong,I never watch TV.,Ik kijk nooit tv.,https://cdn.busuu.com/media/resized/audio/a_l_str___1611136327.mp3,https://cdn.busuu.com/media/resized/entity/720/nooit_1610516031_720.jpg
Nou...,Well...,Strong,"Well, I'd like a cup of coffee!","Nou, ik wil graag een kopje koffie!",https://cdn.busuu.com/media/resized/audio/a1_l72_str_66b59fe6879b4968831a38ad7a0731841652248593_1652248593.mp3,https://cdn.busuu.com/media/resized/entity/720/untitleddesign111649242029_1649242029_720.jpg
november,November,Strong,,,,https://cdn.busuu.com/media/resized/entity/720/november_1609858202_720.jpg
nu,now,Strong,I'm having a shower now.,Ik neem nu een douche. ,https://cdn.busuu.com/media/resized/audio/a_l_str___1611333912.mp3,https://cdn.busuu.com/media/resized/entity/720/shutterstock__1610621713_720.jpg
nul,zero,Strong,,,,https://cdn.busuu.com/media/resized/entity/720/nul_1605009503_720.jpg
of,or,Weak,Do you live in a city or in a village?,Woon jij in een stad of in een dorp?,https://cdn.busuu.com/media/resized/audio/a_l_str___1612427803.mp3,https://cdn.busuu.com/media/resized/entity/720/of_1611286435_720.jpg
oktober,October,Strong,,,,https://cdn.busuu.com/media/resized/entity/720/okt_1609858131_720.jpg
ontbijten,to have breakfast,Strong,Do you have breakfast every morning?,Ontbijt jij elke ochtend?,https://cdn.busuu.com/media/resized/audio/a_l_str___1611135658.mp3,https://cdn.busuu.com/media/resized/entity/720/ontbijten_1610029658_720.jpg
onze kinderen,our children,Strong,Our children study English.,Onze kinderen studeren Engels.,https://cdn.busuu.com/media/resized/audio/a_l_str___1609949782.mp3,https://cdn.busuu.com/media/resized/entity/720/daughter_1607614119_720.jpg
op dit moment,at the moment,Strong,At the moment I don't have a job.,Op dit moment heb ik geen werk.,https://cdn.busuu.com/media/resized/audio/a_l_str___1611333980.mp3,https://cdn.busuu.com/media/resized/entity/720/shutterstock__1610621909_720.jpg
op tijd zijn,to be on time,Medium,I'm always on time! I find it very important.,Ik ben altijd op tijd! Ik vind het heel belangrijk.,https://cdn.busuu.com/media/resized/audio/a1_l71_str_3baf7c836054459eb6d57b8c15b74d011652247199_1652247199.mp3,https://cdn.busuu.com/media/resized/entity/720/pexelsbarbaraolsen786968911649165776_1649165776_720.jpg
open,open,Strong,The stores are open.,De winkels zijn open.,https://cdn.busuu.com/media/resized/audio/a_l_str___1609404545.mp3,https://cdn.busuu.com/media/resized/entity/720/open_1607081806_720.jpg
opstaan,to get up,Strong,I usually get up early.,Ik sta meestal vroeg op.,https://cdn.busuu.com/media/resized/audio/a_l_str___1611333326.mp3,https://cdn.busuu.com/media/resized/entity/720/opstaan_1610025035_720.jpg
oranje,orange,Strong,Their T-shirts are orange.,Hun T-shirts zijn oranje.,https://cdn.busuu.com/media/resized/audio/a1_l47_str_29f3d927ecd84f429f9886d05ce68bfa1646055140_1646055140.mp3,https://cdn.busuu.com/media/resized/entity/720/shutterstock_1987179833_1643888305_720.jpg
overmorgen,the day after tomorrow,Strong,It's my boyfriend's birthday the day after tomorrow.,Mijn vriend is overmorgen jarig.,https://cdn.busuu.com/media/resized/audio/a_l_str___1611135243.mp3,https://cdn.busuu.com/media/resized/entity/720/overmorgenppp_1609924320_720.jpg
patat,fries (Netherlands),Strong,Shall we eat fries today? (Netherlands),Zullen we vandaag patat eten?,https://cdn.busuu.com/media/resized/audio/a_l_str___1609331683.mp3,https://cdn.busuu.com/media/resized/entity/720/patat_1606824152_720.jpg
pintje,beer,Strong,"Four beers, please.","Vier pintjes, alstublieft.",https://cdn.busuu.com/media/resized/audio/a_l_str___1609399518.mp3,https://cdn.busuu.com/media/resized/entity/720/pintje_1606723232_720.jpg
Prima!,Fine!,Strong,,,,https://cdn.busuu.com/media-resources/image/a/pr:exercise_m/plain/s3://busuu-logos-service-media-production/media-resources/image/5fa7fbc0-1800-4cee-ac46-82011718391f.jpg@jpg
radio's,radios,Strong,,,,https://cdn.busuu.com/media/resized/entity/720/radios_1605086320_720.jpg
regenen,to rain,Weak,"I'm taking the car to work today, because it's raining very heavily.","Ik ga vandaag met de auto naar mijn werk, want het regent heel hard.",https://cdn.busuu.com/media-resources/audio/c7fe839b-bb60-4282-a339-3a955ec01a06.mp3,https://cdn.busuu.com/media/resized/entity/720/regenen_1614603656_720.jpg
reizen,to travel,Weak,I like travelling alone.,Ik reis graag alleen.,https://cdn.busuu.com/media/resized/audio/a_l_str___1613667647.mp3,https://cdn.busuu.com/media/resized/entity/720/shutterstock__1611153479_720.jpg
rijden,to drive / to ride,Weak,The bus to Leeuwarden is not running this morning.,De bus naar Leeuwarden rijdt vanochtend niet.,https://cdn.busuu.com/media/resized/audio/a_l_str___1613670166.mp3,https://cdn.busuu.com/media/resized/entity/720/rijden_1612087480_720.jpg
rood,red,Strong,My favourite bag is red.,Mijn lievelingstas is rood.,https://cdn.busuu.com/media/resized/audio/_a1_l47_str_4720ca82c41b4de5a495086111ffa41e1646051142_1646051142.mp3,https://cdn.busuu.com/media/resized/entity/720/shutterstock_7584708911_1644320449_720.jpg
rustig,"quiet, calm",Strong,The office is quiet.,Het kantoor is rustig.,https://cdn.busuu.com/media/resized/audio/a_l_str___1609404576.mp3,https://cdn.busuu.com/media/resized/entity/720/rustig_1607082147_720.jpg
saai,boring,Medium,I find the game very boring.,Ik vind het spel heel saai.,https://cdn.busuu.com/media/resized/audio/a_l_str___1612426272.mp3,https://cdn.busuu.com/media/resized/entity/720/saai_1610949980_720.jpg
samen,together,Strong,Are we going to the cinema together?,Gaan we samen naar de bioscoop?,https://cdn.busuu.com/media/resized/audio/a_l_str___1612424624.mp3,https://cdn.busuu.com/media/resized/entity/720/shutterstock__1610307568_720.jpg
september,September,Strong,,,,https://cdn.busuu.com/media/resized/entity/720/septemberoktober_1609858019_720.jpg
soms,sometimes,Strong,Sometimes I don't eat breakfast.,Ik ontbijt soms niet.,https://cdn.busuu.com/media/resized/audio/florisbusuuaudioa_l_str___1611215888.mp3,https://cdn.busuu.com/media/resized/entity/720/soms_1610516065_720.jpg
sorry,sorry / excuse me,Strong,,,,https://cdn.busuu.com/media/resized/entity/720/sorry_1604295997_720.jpg
sporten,to do sport,Medium,My grandad and grandma do sport every day.,Mijn opa en oma sporten elke dag.,https://cdn.busuu.com/media/resized/audio/a1_l73_str_1871028e34524f34a88686a65042b7151652249403_1652249403.mp3,https://cdn.busuu.com/media/resized/entity/720/shutterstock_23403592311650281178_1650281178_720.jpg
Spreekt zij Duits?,Does she speak German?,Strong,,,,https://cdn.busuu.com/media/resized/entity/720/spreektzijduits__1605274849_720.jpg
spreken,to speak,Strong,We speak Dutch.,Wij spreken Nederlands.,https://cdn.busuu.com/media/resized/audio/a_l_str___1608717882.mp3,https://cdn.busuu.com/media/resized/entity/720/spreken_1605269991_720.jpg
Spreken jullie Frans?,Do you all speak French?,Strong,,,,https://cdn.busuu.com/media/resized/entity/720/sprekenjulliefrans_1605275017_720.jpg
stad,city,Strong,You are from a city.,Jullie komen uit een stad.,https://cdn.busuu.com/media/resized/audio/a_l_str___1608717599.mp3,https://cdn.busuu.com/media/resized/entity/720/stad_1605693323_720.jpg
stamppot,stamppot (mashed potatoes with vegetables),Strong,We make stamppot with potatoes and vegetables.,We maken stamppot met aardappelen en groenten.,https://cdn.busuu.com/media/resized/audio/a_l_str___1608807799.mp3,https://cdn.busuu.com/media/resized/entity/720/stamppot_1606826505_720.jpg
stom,stupid,Strong,I find the game stupid.,Ik vind het spelletje stom.,https://cdn.busuu.com/media/resized/audio/a_l_str___1612426084.mp3,https://cdn.busuu.com/media/resized/entity/720/stom_1610942100_720.jpg
stoppen,to stop,Weak,The bus doesn't stop in the city centre.,De bus stopt niet in het centrum. ,https://cdn.busuu.com/media/resized/audio/a_l_str___1613667580.mp3,https://cdn.busuu.com/media/resized/entity/720/shutterstock__1611146490_720.jpg
straks,later,Medium,Are you going to work later?,Ga je straks naar het werk?,https://cdn.busuu.com/media/resized/audio/a_l_str___1611333898.mp3,https://cdn.busuu.com/media/resized/entity/720/shutterstock__1610623345_720.jpg
supermarkt,supermarket,Strong,Martijn buys vegetables at the supermarket.,Martijn koopt groenten in de supermarkt.,https://cdn.busuu.com/media/resized/audio/a_l_str___1608808007.mp3,https://cdn.busuu.com/media/resized/entity/720/supermarkt_1606980290_720.jpg
tanden poetsen,to brush your teeth,Strong,I brush my teeth every day.,Ik poets mijn tanden elke dag.,https://cdn.busuu.com/media/resized/audio/a_l_str___1611135595.mp3,https://cdn.busuu.com/media/resized/entity/720/brushing_1610028706_720.jpg
te laat zijn,to be late,Medium,Nele is often late.,Nele is vaak te laat.,https://cdn.busuu.com/media/resized/audio/a1_l71_str_935f116f139a444094d03723e1a876f01652247260_1652247260.mp3,https://cdn.busuu.com/media/resized/entity/720/shutterstock_113160633811649166051_1649166052_720.jpg
thee,tea,Strong,"Tea for me, please.","Voor mij thee, alsjeblieft.",https://cdn.busuu.com/media/resized/audio/a_l_str___1608807411.mp3,https://cdn.busuu.com/media/resized/entity/720/thee_1606721958_720.jpg
tien,ten,Strong,Hugo is number ten.,Hugo is nummer 10.,https://cdn.busuu.com/media/resized/audio/a_l_str___1608564127.mp3,https://cdn.busuu.com/media/resized/entity/720/tien_1605014335_720.jpg
tomaat,tomato,Strong,I buy tomatoes at the supermarket.,Ik koop tomaten in de supermarkt.,https://cdn.busuu.com/media/resized/audio/a_l_str___1609331892.mp3,https://cdn.busuu.com/media/resized/entity/720/tomato_1606982658_720.jpg
trakteren,to treat,Strong,I'm treating everyone because it's my birthday!,"Ik trakteer iedereen, want het is mijn verjaardag!",https://cdn.busuu.com/media/resized/audio/a_l_str___1610735894.mp3,https://cdn.busuu.com/media/resized/entity/720/trakteren_1608643331_720.jpg
Turkije,Türkiye,Strong,"She's from Türkiye, she's Turkish.","Zij komt uit Turkije, ze is Turks.",https://cdn.busuu.com/media/resized/audio/a_l_str___1608564382.mp3,https://cdn.busuu.com/media/resized/entity/720/turkije_1605176235_720.jpg
tv kijken,to watch TV,Strong,We always watch TV at night.,We kijken 's avonds altijd tv.,https://cdn.busuu.com/media/resized/audio/a_l_str___1611333385.mp3,https://cdn.busuu.com/media/resized/entity/720/tvkijken_1610034057_720.jpg
twaalf,twelve,Strong,He lives at number 12.,Hij woont op nummer 12.,https://cdn.busuu.com/media/resized/audio/a_l_str___1609332462.mp3,https://cdn.busuu.com/media/resized/entity/720/jpg_1607081519_720.jpg
twee,two,Strong,There are two women.,Er zijn twee vrouwen.,https://cdn.busuu.com/media/resized/audio/a_l_str___1608563984.mp3,https://cdn.busuu.com/media/resized/entity/720/twee_vrouwen_1605010233_720.jpg
twintig,twenty,Strong,That costs twenty euro.,Dat kost twintig euro.,https://cdn.busuu.com/media/resized/audio/a_l_str___1609330243.mp3,https://cdn.busuu.com/media/resized/entity/720/jpg_1607083858_720.jpg
"U kunt gewoon Nederlands praten, hoor!",You can just speak Dutch!,Weak,,,,https://cdn.busuu.com/media-resources/image/a/pr:exercise_m/plain/s3://busuu-logos-service-media-production/media-resources/image/052f76e9-9be9-46e6-93c7-fceaa389fad6.jpg@jpg
uitchecken,to check out,Strong,,,,https://cdn.busuu.com/media/resized/entity/720/shutterstock__1613461363_720.jpg
uitstappen,to get off,Strong,,,,https://cdn.busuu.com/media/resized/entity/720/uit_1612285206_720.jpg
vaak,often,Strong,,,,https://cdn.busuu.com/media/resized/entity/720/hoevaak_1610517275_720.jpg
vandaag,today,Strong,Can I book a table at eight today?,Kan ik vandaag om acht uur een tafel reserveren?,https://cdn.busuu.com/media/resized/audio/florisbusuuaudioa_l_str___1611215127.mp3,https://cdn.busuu.com/media/resized/entity/720/vandaag_1609922894_720.jpg
veertien,fourteen,Strong,We celebrate Valentine's Day on 14 February.,We vieren Valentijnsdag op veertien februari.,https://cdn.busuu.com/media/resized/audio/a_l_str___1608808793.mp3,https://cdn.busuu.com/media/resized/entity/720/jpg_1607082399_720.jpg
verliezen,to lose,Medium,We're losing the match.,We verliezen de wedstrijd.,https://cdn.busuu.com/media/resized/audio/a1_l74_str_7ef8c0b4a17c40978bdda2cda528f56b1652258623_1652258623.mp3,https://cdn.busuu.com/media/resized/entity/720/shutterstock_49448087511650354877_1650354877_720.jpg
vertrek,departure,Weak,"The sign says: ""Departure 11:15"".",Op het bord staat: Vertrek 11.15 uur.,https://cdn.busuu.com/media/resized/audio/a_l_str___1613671693.mp3,https://cdn.busuu.com/media/resized/entity/720/vertrek_1612342021_720.jpg
vertrekken,"to leave, to depart",Weak,The train leaves at 8:10.,De trein vertrekt om 8.10 uur.,https://cdn.busuu.com/media/resized/audio/a_l_str___1613667556.mp3,https://cdn.busuu.com/media/resized/entity/720/shutterstock__1611146032_720.jpg
vier,four,Strong,I have four children.,Ik heb vier kinderen.,https://cdn.busuu.com/media/resized/audio/a_l_str___1608564015.mp3,https://cdn.busuu.com/media/resized/entity/720/vier_kinderen_1605011462_720.jpg
vieren,to celebrate,Strong,We celebrate my birthday at a restaurant.,We vieren mijn verjaardag in een restaurant.,https://cdn.busuu.com/media/resized/audio/str___1610814368.mp3,https://cdn.busuu.com/media/resized/entity/720/vieren_1608643064_720.jpg
vies,disgusting,Strong,The broccoli is disgusting.,De broccoli is vies.,https://cdn.busuu.com/media/resized/audio/a_l_str___1608807953.mp3,https://cdn.busuu.com/media/resized/entity/720/broccoli_1606925167_720.jpg
vijf,five,Strong,There are five boys sitting on the bench.,Er zitten vijf jongens op de bank.,https://cdn.busuu.com/media/resized/audio/a_l_str___1608564052.mp3,https://cdn.busuu.com/media/resized/entity/720/vijf_jongens_1605011764_720.jpg
vis,fish,Strong,She buys fish at the market.,Ze koopt vis op de markt.,https://cdn.busuu.com/media/resized/audio/a_l_str___1609331726.mp3,https://cdn.busuu.com/media/resized/entity/720/vis_1606825943_720.jpg
vlees,meat,Strong,He's a vegetarian. He doesn't eat meat.,Hij is vegetariër. Hij eet geen vlees.,https://cdn.busuu.com/media/resized/audio/a_l_str___1608807781.mp3,https://cdn.busuu.com/media/resized/entity/720/vlees_1606825777_720.jpg
volgend,next,Strong,Next week we're going on holiday.,Volgende week gaan we op vakantie. ,https://cdn.busuu.com/media/resized/audio/florisbusuuaudioa_l_str___1611215928.mp3,https://cdn.busuu.com/media/resized/entity/720/shutterstock__1610619840_720.jpg
voor,before,Strong,I brush my teeth before I go to sleep.,Ik poets mijn tanden voor ik ga slapen.,https://cdn.busuu.com/media/resized/audio/a_l_str___1611333995.mp3,https://cdn.busuu.com/media/resized/entity/720/shutterstock__1610622366_720.jpg
vorig,"last, previous",Medium,Last month it was my birthday.,Vorige maand was ik jarig.,https://cdn.busuu.com/media/resized/audio/florisbusuuaudioa_l_str___1611215949.mp3,https://cdn.busuu.com/media/resized/entity/720/shutterstock__1610620031_720.jpg
vrijdag,Friday,Strong,I don't work on Friday.,Op vrijdag werk ik niet.,https://cdn.busuu.com/media/resized/audio/str___1610738958.mp3,https://cdn.busuu.com/media/resized/entity/720/vrijdag_1608270999_720.jpg
vroeg,early,Strong,She usually gets up early.,Zij staat meestal vroeg op.,https://cdn.busuu.com/media/resized/audio/a_l_str___1611136982.mp3,https://cdn.busuu.com/media-resources/image/a/pr:exercise_m/plain/s3://busuu-logos-service-media-production/media-resources/image/f767b24b-0942-44f1-aa95-7e6be7b706e5.jpg@jpg
waaien,to blow (used for the wind only),Weak,It's often very windy in autumn.,Het waait vaak hard in de herfst.,https://cdn.busuu.com/media-resources/audio/e6f87dfa-1bd8-4031-91a0-55a919177e0a.mp3,https://cdn.busuu.com/media/resized/entity/720/waaien_1614603791_720.jpg
Waar kom jij vandaan?,Where are you from?,Strong,,,,https://cdn.busuu.com/media/resized/entity/720/waarkomjijvandaan_1606278453_720.jpg
Waar komen jullie vandaan?,Where are you all from?,Strong,,,,https://cdn.busuu.com/media/resized/entity/720/waarkomenjullievandaan_1606278511_720.jpg
Waar werk jij?,Where do you work?,Strong,,,,https://cdn.busuu.com/media/resized/entity/720/ik_heet_lucas_en_jij_1604918402_720.jpg
Waar woon jij?,Where do you live?,Strong,,,,https://cdn.busuu.com/media/resized/entity/720/waarwoonjij_1606982819_720.jpg
Waarom?,Why...?,Strong,,,,https://cdn.busuu.com/media/resized/entity/720/shutterstock__1612450262_720.jpg
wakker worden,to wake up,Strong,Hugo wakes up at 7 o'clock every day.,Hugo wordt elke dag om 7 uur wakker.,https://cdn.busuu.com/media/resized/audio/florisbusuuaudioa_l_str___1611215551.mp3,https://cdn.busuu.com/media/resized/entity/720/wakkerwordend_1610024856_720.jpg
Wanneer ben je jarig?,When is your birthday?,Strong,When is your birthday? — My birthday is 15 May.,Wanneer ben je jarig? — Ik ben jarig op 15 mei.,https://cdn.busuu.com/media/resized/audio/a_l_str___1610735956.mp3,https://cdn.busuu.com/media/resized/entity/720/wanneer_1608639138_720.jpg
Wanneer?,When...?,Strong,,,,https://cdn.busuu.com/media/resized/entity/720/shutterstock__1612450269_720.jpg
want,because,Weak,"Dutch people like to cycle, because the country is very flat.","Nederlanders fietsen graag, want het land is heel plat.",https://cdn.busuu.com/media/resized/audio/a_l_str___1612354583.mp3,https://cdn.busuu.com/media/resized/entity/720/want_1611287118_720.jpg
Wat doe jij?,What do you do?,Strong,,,,https://cdn.busuu.com/media/resized/entity/720/watdoejij_1606114976_720.jpg
Wat heb je gisteren gedaan?,What did you do yesterday?,Weak,,,,https://cdn.busuu.com/media/resized/entity/720/shutterstock_191808179311659534019_1659534019_720.jpg
Wat is je favoriete sport?,What's your favourite sport?,Strong,,,,https://cdn.busuu.com/media/resized/entity/720/pexelsjeshootscom743211650281087_1650281087_720.jpg
Wat kun je goed?,What are you good at?,Weak,,,,https://cdn.busuu.com/media/resized/entity/720/shutterstock_27396356911650539434_1650539434_720.jpg
Wat zit er in je tas?,What's in your bag?,Strong,What's in your bag? - In my bag are my mobile phone and my glasses. ,Wat zit er in je tas? - In mijn tas zitten mijn mobieltje en mijn bril.,https://cdn.busuu.com/media/resized/audio/a1_l45_str_ec7247beaad945a583a2d04fb4a6c92e1646046473_1646046473.mp3,https://cdn.busuu.com/media/resized/entity/720/shutterstock_1667976469_1643805313_720.jpg
Wat?,What...?,Strong,,,,https://cdn.busuu.com/media/resized/entity/720/wat_1612450298_720.jpg
Welke talen spreek jij?,Which languages do you speak?,Strong,,,,https://cdn.busuu.com/media/resized/entity/720/welketalenspreekjij__1605270846_720.jpg
Wij zijn in Leiden.,We are in Leiden (Dutch city).,Strong,,,,https://cdn.busuu.com/media/resized/entity/720/leiden_1606122046_720.jpg
wijn,wine,Strong,"Three glasses of red wine, please.","Drie glazen rode wijn, alsjeblieft.",https://cdn.busuu.com/media/resized/audio/a_l_str___1608807451.mp3,https://cdn.busuu.com/media/resized/entity/720/wijn_1606722406_720.jpg
Wil je...?,Do you want to...?,Strong,Do you want to meet up on Friday?,Wil je vrijdag afspreken?,https://cdn.busuu.com/media/resized/audio/a_l_str___1610736271.mp3,https://cdn.busuu.com/media/resized/entity/720/wilje_1609407103_720.jpg
winnen,to win,Strong,The team rarely wins a match.,Het team wint zelden een wedstrijd.,https://cdn.busuu.com/media/resized/audio/a1_l74_str_168b818188d04062bea11c2b64571e611652258572_1652258573.mp3,https://cdn.busuu.com/media/resized/entity/720/shutterstock_7919962481650354585_1650354585_720.jpg
wit,white,Strong,His bank card is white.,Zijn pinpas is wit.,https://cdn.busuu.com/media/resized/audio/a1_l47_str_965b9e4834ad437a86605304b39e9dab1646050631_1646050631.mp3,https://cdn.busuu.com/media/resized/entity/720/shutterstock_508347577_1644319956_720.jpg
zelden,rarely,Strong,My sister rarely drinks wine.,Mijn zus drinkt zelden wijn.,https://cdn.busuu.com/media/resized/audio/a_l_str___1611136360.mp3,https://cdn.busuu.com/media/resized/entity/720/zelden_1610516963_720.jpg
zes,six,Strong,six eggs,zes eieren,https://cdn.busuu.com/media/resized/audio/a_l_str___1608564067.mp3,https://cdn.busuu.com/media/resized/entity/720/sixeggs_1605012030_720.jpg
zeven,seven,Strong,There are seven days in a week.,Er zijn zeven dagen in een week.,https://cdn.busuu.com/media/resized/audio/a_l_str___1608564087.mp3,https://cdn.busuu.com/media/resized/entity/720/dagen_1605013299_720.jpg
zeventien,seventeen,Strong,,,,https://cdn.busuu.com/media/resized/entity/720/jpg_1607083350_720.jpg
Zij is Amerikaans.,She is American.,Strong,,,,https://cdn.busuu.com/media/resized/entity/720/zijisamerikaans_1605173964_720.jpg
Zij komen uit Frankrijk.,They come from France.,Strong,,,,https://cdn.busuu.com/media/resized/entity/720/zijkomenuitfrankrijk_1605693273_720.jpg
Zij zijn Nederlands.,They are Dutch.,Strong,,,,https://cdn.busuu.com/media/resized/entity/720/zijzijnnederlands_1605174978_720.jpg
zijn,to be,Strong,,,,https://cdn.busuu.com/media/resized/entity/720/zijn_1606297799_720.jpg
zijn dochter,his daughter,Strong,His daughter works in an office.,Zijn dochter werkt in een kantoor.,https://cdn.busuu.com/media/resized/audio/a_l_str___1609949690.mp3,https://cdn.busuu.com/media/resized/entity/720/zijndochterwerkt_1607599562_720.jpg
zo meteen,soon,Strong,We're going home soon.,We gaan zo meteen naar huis.,https://cdn.busuu.com/media/resized/audio/florisbusuuaudioa_l_str___1611215968.mp3,https://cdn.busuu.com/media/resized/entity/720/shutterstock__1610620781_720.jpg
zullen,shall / will,Weak,Shall we eat together tomorrow?,Zullen we morgen samen eten?,https://cdn.busuu.com/media/resized/audio/a_l_str___1612354616.mp3,https://cdn.busuu.com/media/resized/entity/720/eten_1611107383_720.jpg
zwart,black,Strong,Your black bag is very pretty!,Ik vind jouw zwarte tas mooi!,https://cdn.busuu.com/media/resized/audio/a1_l47_str_dca5c94e14294689be614979193992d81646050673_1646050673.mp3,https://cdn.busuu.com/media/resized/entity/720/shutterstock_730743970_1643890702_720.jpg
één,one,Strong,You are number one!,Jij bent nummer één!,https://cdn.busuu.com/media/resized/audio/a_l_str___1608563967.mp3,https://cdn.busuu.com/media/resized/entity/720/nummer_een_1605010071_720.jpg
